"last_name, first_name",player_id,year,ab,barrel_batted_rate,oz_swing_percent,meatball_swing_percent,last_name,first_name,oz_take,oz_take_std,meatball_swing_std,batters_eye_score,barrel_std,hitter_score,player_name,player_name_standard
"Rutschman, Adley",668939,2026,180,9.8,26.2,64.3,Rutschman,Adley,73.8,0.66,-1.07,-0.3,0.39,0.06,Adley Rutschman,adley rutschman
"Semien, Marcus",543760,2026,235,8.6,28.3,80.3,Semien,Marcus,71.7,0.36,0.59,0.71,0.14,0.58,Marcus Semien,marcus semien
"Waldschmidt, Ryan",814439,2026,97,9.7,25.1,85.7,Waldschmidt,Ryan,74.9,0.82,1.15,1.46,0.37,1.24,Ryan Waldschmidt,ryan waldschmidt
"Gurriel Jr., Lourdes",666971,2026,92,6.7,40.5,65.2,Gurriel Jr.,Lourdes,59.5,-1.39,-0.98,-1.75,-0.25,-1.35,Lourdes Gurriel Jr.,lourdes gurriel
"Alexander, Blaze",677942,2026,140,4.8,30.4,92.5,Alexander,Blaze,69.6,0.06,1.86,1.42,-0.64,0.53,Blaze Alexander,blaze alexander
"Nimmo, Brandon",607043,2026,241,11.8,27.2,80.3,Nimmo,Brandon,72.8,0.52,0.59,0.82,0.81,1.1,Brandon Nimmo,brandon nimmo
"Naylor, Bo",666310,2026,84,11.5,25.6,72.7,Naylor,Bo,74.4,0.75,-0.2,0.41,0.74,0.78,Bo Naylor,bo naylor
"Freeman, Freddie",518692,2026,239,11.2,26.5,84.7,Freeman,Freddie,73.5,0.62,1.05,1.24,0.68,1.3,Freddie Freeman,freddie freeman
"Smith, Josh",669701,2026,92,5.5,30.7,75.0,Smith,Josh,69.3,0.02,0.04,0.04,-0.5,-0.31,Josh Smith,josh smith
"Jones, Spencer",682987,2026,32,0.0,36.8,92.9,Jones,Spencer,63.2,-0.86,1.9,0.77,-1.63,-0.58,Spencer Jones,spencer jones
"Springer, George",543807,2026,178,7.9,27.2,85.5,Springer,George,72.8,0.52,1.13,1.22,-0.0,0.83,George Springer,george springer
"Grissom, Vaughn",687093,2026,134,7.5,24.2,68.2,Grissom,Vaughn,75.8,0.95,-0.67,0.21,-0.08,0.09,Vaughn Grissom,vaughn grissom
"Kiner-Falefa, Isiah",643396,2026,93,3.9,35.2,69.6,Kiner-Falefa,Isiah,64.8,-0.63,-0.52,-0.85,-0.83,-1.13,Isiah Kiner-Falefa,isiah kiner falefa
"Cronenworth, Jake",630105,2026,97,5.5,25.5,71.0,Cronenworth,Jake,74.5,0.76,-0.37,0.29,-0.5,-0.14,Jake Cronenworth,jake cronenworth
"Benintendi, Andrew",643217,2026,186,10.7,32.6,83.3,Benintendi,Andrew,67.4,-0.26,0.9,0.48,0.58,0.72,Andrew Benintendi,andrew benintendi
"Crawford, Justin",702222,2026,184,1.4,38.1,79.2,Crawford,Justin,61.9,-1.04,0.48,-0.42,-1.34,-1.19,Justin Crawford,justin crawford
"Schanuel, Nolan",694384,2026,198,3.0,29.4,69.8,Schanuel,Nolan,70.6,0.2,-0.5,-0.22,-1.01,-0.83,Nolan Schanuel,nolan schanuel
"India, Jonathan",663697,2026,48,5.7,17.9,80.0,India,Jonathan,82.1,1.85,0.56,1.79,-0.46,0.9,Jonathan India,jonathan india
"Andujar, Miguel",609280,2026,188,4.5,41.1,68.5,Andujar,Miguel,58.9,-1.47,-0.63,-1.56,-0.7,-1.53,Miguel Andujar,miguel andujar
"Vierling, Matt",663837,2026,165,5.8,29.5,76.9,Vierling,Matt,70.5,0.19,0.24,0.32,-0.43,-0.08,Matt Vierling,matt vierling
"Altuve, Jose",514888,2026,175,6.0,34.0,60.4,Altuve,Jose,66.0,-0.46,-1.48,-1.43,-0.39,-1.23,Jose Altuve,jose altuve
"Garcia, Jhostynxon",691373,2026,35,4.0,45.3,75.0,Garcia,Jhostynxon,54.7,-2.08,0.04,-1.51,-0.81,-1.57,Jhostynxon Garcia,jhostynxon garcia
"Nuñez, Nasim",683083,2026,184,0.0,26.8,82.8,Nuñez,Nasim,73.2,0.58,0.85,1.06,-1.63,-0.39,Nasim Nuñez,nasim nunez
"Valenzuela, Brandon",678218,2026,119,9.9,29.9,81.6,Valenzuela,Brandon,70.1,0.13,0.73,0.64,0.41,0.71,Brandon Valenzuela,brandon valenzuela
"Tatis Jr., Fernando",665487,2026,242,10.1,28.5,73.8,Tatis Jr.,Fernando,71.5,0.33,-0.08,0.18,0.45,0.43,Fernando Tatis Jr.,fernando tatis
"Moniak, Mickey",666160,2026,150,13.5,41.4,85.3,Moniak,Mickey,58.6,-1.52,1.11,-0.3,1.16,0.58,Mickey Moniak,mickey moniak
"Thomas, Colby",687515,2026,49,10.8,42.0,84.6,Thomas,Colby,58.0,-1.6,1.04,-0.42,0.6,0.12,Colby Thomas,colby thomas
"Rodríguez, Endy",682848,2026,42,13.8,21.8,68.8,Rodríguez,Endy,78.2,1.29,-0.6,0.51,1.22,1.17,Endy Rodríguez,endy rodriguez
"O'Neill, Tyler",641933,2026,105,4.0,28.1,71.8,O'Neill,Tyler,71.9,0.39,-0.29,0.07,-0.81,-0.5,Tyler O'Neill,tyler oneill
"Steer, Spencer",668715,2026,219,13.4,24.6,72.5,Steer,Spencer,75.4,0.89,-0.22,0.5,1.14,1.11,Spencer Steer,spencer steer
"Stott, Bryson",681082,2026,205,7.7,32.3,65.7,Stott,Bryson,67.7,-0.21,-0.92,-0.84,-0.04,-0.6,Bryson Stott,bryson stott
"Espinal, Santiago",669289,2026,48,2.3,35.6,64.7,Espinal,Santiago,64.4,-0.69,-1.03,-1.27,-1.16,-1.64,Santiago Espinal,santiago espinal
"Contreras, William",661388,2026,241,7.1,29.5,80.3,Contreras,William,70.5,0.19,0.59,0.58,-0.17,0.28,William Contreras,william contreras
"Vargas, Ildemaro",545121,2026,214,4.1,40.8,67.2,Vargas,Ildemaro,59.2,-1.43,-0.77,-1.63,-0.79,-1.63,Ildemaro Vargas,ildemaro vargas
"Rafaela, Ceddanne",678882,2026,217,6.6,37.5,71.4,Rafaela,Ceddanne,62.5,-0.96,-0.33,-0.96,-0.27,-0.83,Ceddanne Rafaela,ceddanne rafaela
"Tawa, Tim",694374,2026,59,2.3,31.5,65.0,Tawa,Tim,68.5,-0.1,-1.0,-0.81,-1.16,-1.33,Tim Tawa,tim tawa
"Clarke, Denzel",672016,2026,53,3.2,29.0,63.2,Clarke,Denzel,71.0,0.26,-1.18,-0.68,-0.97,-1.12,Denzel Clarke,denzel clarke
"Perkins, Blake",663368,2026,71,3.8,30.6,68.8,Perkins,Blake,69.4,0.03,-0.6,-0.42,-0.85,-0.86,Blake Perkins,blake perkins
"Albies, Ozzie",645277,2026,251,4.6,35.6,85.5,Albies,Ozzie,64.4,-0.69,1.13,0.33,-0.68,-0.24,Ozzie Albies,ozzie albies
"Smith, Cam",701358,2026,220,13.2,29.4,73.8,Smith,Cam,70.6,0.2,-0.08,0.09,1.1,0.8,Cam Smith,cam smith
"Vivas, Jorbit",678391,2026,120,2.9,25.8,89.1,Vivas,Jorbit,74.2,0.72,1.51,1.65,-1.03,0.42,Jorbit Vivas,jorbit vivas
"Marsee, Jakob",805300,2026,219,3.8,22.5,80.6,Marsee,Jakob,77.5,1.19,0.62,1.35,-0.85,0.34,Jakob Marsee,jakob marsee
"Arraez, Luis",650333,2026,253,0.4,34.8,72.6,Arraez,Luis,65.2,-0.57,-0.21,-0.58,-1.55,-1.44,Luis Arraez,luis arraez
"Seager, Corey",608369,2026,164,15.7,29.1,92.0,Seager,Corey,70.9,0.25,1.81,1.52,1.61,2.12,Corey Seager,corey seager
"Julien, Edouard",666397,2026,153,6.7,20.7,82.6,Julien,Edouard,79.3,1.45,0.83,1.69,-0.25,0.98,Edouard Julien,edouard julien
"Amaya, Miguel",665804,2026,90,7.5,26.9,54.5,Amaya,Miguel,73.1,0.56,-2.09,-1.13,-0.08,-0.82,Miguel Amaya,miguel amaya
"DeLauter, Chase",800050,2026,232,6.1,19.3,76.1,DeLauter,Chase,80.7,1.65,0.16,1.34,-0.37,0.65,Chase DeLauter,chase delauter
"Ramírez, Agustín",682663,2026,113,4.7,26.6,86.8,Ramírez,Agustín,73.4,0.61,1.27,1.39,-0.66,0.49,Agustín Ramírez,agustin ramirez
"Machado, Manny",592518,2026,229,8.0,30.6,75.4,Machado,Manny,69.4,0.03,0.08,0.08,0.02,0.07,Manny Machado,manny machado
"Abreu, Wilyer",677800,2026,245,11.3,30.2,76.9,Abreu,Wilyer,69.8,0.09,0.24,0.24,0.7,0.64,Wilyer Abreu,wilyer abreu
"Mateo, Jorge",622761,2026,85,11.9,39.7,77.3,Mateo,Jorge,60.3,-1.27,0.28,-0.74,0.83,0.06,Jorge Mateo,jorge mateo
"Pederson, Joc",592626,2026,164,9.4,26.4,64.6,Pederson,Joc,73.6,0.63,-1.04,-0.3,0.31,0.01,Joc Pederson,joc pederson
"Harris II, Michael",671739,2026,222,15.2,43.7,77.0,Harris II,Michael,56.3,-1.85,0.25,-1.18,1.51,0.22,Michael Harris II,michael harris
"Schneider, Davis",676914,2026,71,9.8,19.7,73.3,Schneider,Davis,80.3,1.6,-0.14,1.08,0.39,1.0,Davis Schneider,davis schneider
"McLain, Matt",680574,2026,212,9.1,24.0,66.7,McLain,Matt,76.0,0.98,-0.82,0.12,0.25,0.25,Matt McLain,matt mclain
"Greene, Riley",682985,2026,239,12.3,26.2,79.7,Greene,Riley,73.8,0.66,0.53,0.88,0.91,1.21,Riley Greene,riley greene
"Arenado, Nolan",571448,2026,199,7.1,31.4,59.1,Arenado,Nolan,68.6,-0.08,-1.61,-1.26,-0.17,-0.96,Nolan Arenado,nolan arenado
"Carroll, Corbin",682998,2026,228,12.7,30.9,76.9,Carroll,Corbin,69.1,-0.01,0.24,0.17,0.99,0.78,Corbin Carroll,corbin carroll
"Raley, Luke",670042,2026,174,18.8,33.3,85.4,Raley,Luke,66.7,-0.36,1.12,0.57,2.25,1.91,Luke Raley,luke raley
"Vientos, Mark",668901,2026,192,10.2,37.5,77.3,Vientos,Mark,62.5,-0.96,0.28,-0.5,0.48,-0.02,Mark Vientos,mark vientos
"Thomas, Lane",657041,2026,120,3.3,21.6,73.0,Thomas,Lane,78.4,1.32,-0.17,0.86,-0.95,-0.06,Lane Thomas,lane thomas
"Pozo, Yohel",650968,2026,33,0.0,53.2,71.4,Pozo,Yohel,46.8,-3.21,-0.33,-2.63,-1.63,-2.88,Yohel Pozo,yohel pozo
"Campusano, Luis",669134,2026,52,10.8,35.3,73.3,Campusano,Luis,64.7,-0.64,-0.14,-0.58,0.6,0.02,Luis Campusano,luis campusano
"Young, Jared",676724,2026,55,17.5,26.9,94.7,Young,Jared,73.1,0.56,2.09,1.96,1.99,2.67,Jared Young,jared young
"Pagés, Pedro",686780,2026,118,6.6,37.5,68.6,Pagés,Pedro,62.5,-0.96,-0.62,-1.17,-0.27,-0.97,Pedro Pagés,pedro pages
"Meckler, Wade",685133,2026,51,9.8,29.1,78.9,Meckler,Wade,70.9,0.25,0.45,0.51,0.39,0.61,Wade Meckler,wade meckler
"Isbel, Kyle",664728,2026,162,3.1,33.4,67.4,Isbel,Kyle,66.6,-0.37,-0.75,-0.83,-0.99,-1.23,Kyle Isbel,kyle isbel
"Benson, Will",666181,2026,94,13.0,21.7,90.6,Benson,Will,78.3,1.31,1.66,2.2,1.05,2.2,Will Benson,will benson
"Wetherholt, JJ",802139,2026,228,7.7,22.5,77.9,Wetherholt,JJ,77.5,1.19,0.34,1.14,-0.04,0.74,JJ Wetherholt,jj wetherholt
"Thompson, Sterlin",694514,2026,45,0.0,26.1,100.0,Thompson,Sterlin,73.9,0.68,2.64,2.46,-1.63,0.56,Sterlin Thompson,sterlin thompson
"Benge, Carson",701807,2026,223,9.9,27.0,76.2,Benge,Carson,73.0,0.55,0.17,0.53,0.41,0.64,Carson Benge,carson benge
"Lockridge, Brandon",663604,2026,85,1.7,29.8,71.4,Lockridge,Brandon,70.2,0.15,-0.33,-0.14,-1.28,-0.96,Brandon Lockridge,brandon lockridge
"Caratini, Victor",605170,2026,148,6.7,26.5,51.2,Caratini,Victor,73.5,0.62,-2.43,-1.34,-0.25,-1.08,Victor Caratini,victor caratini
"Lowe, Josh",666139,2026,125,8.0,37.0,80.0,Lowe,Josh,63.0,-0.89,0.56,-0.24,0.02,-0.15,Josh Lowe,josh lowe
"Lindor, Francisco",596019,2026,93,9.5,27.6,87.1,Lindor,Francisco,72.4,0.46,1.3,1.3,0.33,1.11,Francisco Lindor,francisco lindor
"Acuña, Luisangel",682668,2026,110,3.3,33.6,84.6,Acuña,Luisangel,66.4,-0.4,1.04,0.47,-0.95,-0.32,Luisangel Acuña,luisangel acuna
"Caglianone, Jac",695506,2026,196,15.3,33.2,70.0,Caglianone,Jac,66.8,-0.34,-0.48,-0.61,1.53,0.62,Jac Caglianone,jac caglianone
"Ballesteros, Moisés",694208,2026,138,10.2,35.4,76.3,Ballesteros,Moisés,64.6,-0.66,0.18,-0.36,0.48,0.08,Moisés Ballesteros,moises ballesteros
"Judge, Aaron",592450,2026,214,21.7,25.8,72.8,Judge,Aaron,74.2,0.72,-0.19,0.39,2.85,2.2,Aaron Judge,aaron judge
"Castellanos, Nick",592206,2026,115,8.4,40.2,78.1,Castellanos,Nick,59.8,-1.35,0.36,-0.73,0.1,-0.42,Nick Castellanos,nick castellanos
"Higashioka, Kyle",543309,2026,102,11.1,29.8,73.3,Higashioka,Kyle,70.2,0.15,-0.14,0.01,0.66,0.45,Kyle Higashioka,kyle higashioka
"Rocchio, Brayan",677587,2026,211,3.3,32.1,74.6,Rocchio,Brayan,67.9,-0.18,-0.0,-0.14,-0.95,-0.74,Brayan Rocchio,brayan rocchio
"Langeliers, Shea",669127,2026,249,14.8,32.8,80.0,Langeliers,Shea,67.2,-0.28,0.56,0.21,1.43,1.1,Shea Langeliers,shea langeliers
"Bleday, JJ",668709,2026,139,13.0,25.5,87.8,Bleday,JJ,74.5,0.76,1.37,1.58,1.05,1.78,JJ Bleday,jj bleday
"Yastrzemski, Mike",573262,2026,162,4.1,27.2,50.0,Yastrzemski,Mike,72.8,0.52,-2.56,-1.51,-0.79,-1.55,Mike Yastrzemski,mike yastrzemski
"Hernández, Teoscar",606192,2026,181,11.0,26.1,80.0,Hernández,Teoscar,73.9,0.68,0.56,0.92,0.64,1.05,Teoscar Hernández,teoscar hernandez
"Báez, Javier",595879,2026,78,3.2,50.9,73.3,Báez,Javier,49.1,-2.88,-0.14,-2.23,-0.97,-2.17,Javier Báez,javier baez
"Sheets, Gavin",657757,2026,183,9.6,32.9,65.6,Sheets,Gavin,67.1,-0.3,-0.94,-0.91,0.35,-0.38,Gavin Sheets,gavin sheets
"Peraza, Oswald",672724,2026,186,9.6,37.7,81.1,Peraza,Oswald,62.3,-0.99,0.67,-0.23,0.35,0.08,Oswald Peraza,oswald peraza
"Arcia, Orlando",606115,2026,40,2.9,32.9,81.8,Arcia,Orlando,67.1,-0.3,0.75,0.33,-1.03,-0.47,Orlando Arcia,orlando arcia
"Taylor, Tyrone",621438,2026,97,6.1,40.0,62.9,Taylor,Tyrone,60.0,-1.32,-1.22,-1.88,-0.37,-1.52,Tyrone Taylor,tyrone taylor
"Butler, Lawrence",671732,2026,158,5.5,25.2,76.6,Butler,Lawrence,74.8,0.81,0.21,0.75,-0.5,0.17,Lawrence Butler,lawrence butler
"Alvarez, Yordan",670541,2026,241,19.0,26.6,73.3,Alvarez,Yordan,73.4,0.61,-0.14,0.35,2.3,1.79,Yordan Alvarez,yordan alvarez
"Outman, James",681546,2026,64,0.0,31.5,82.4,Outman,James,68.5,-0.1,0.81,0.53,-1.63,-0.75,James Outman,james outman
"Soderstrom, Tyler",691016,2026,232,11.5,27.8,81.2,Soderstrom,Tyler,72.2,0.43,0.69,0.83,0.74,1.06,Tyler Soderstrom,tyler soderstrom
"Vázquez, Christian",543877,2026,131,1.8,34.8,60.5,Vázquez,Christian,65.2,-0.57,-1.47,-1.51,-1.26,-1.87,Christian Vázquez,christian vazquez
"Susac, Daniel",691740,2026,74,5.3,38.2,80.6,Susac,Daniel,61.8,-1.06,0.62,-0.32,-0.54,-0.58,Daniel Susac,daniel susac
"Simpson, Chandler",802415,2026,232,0.0,30.5,71.8,Simpson,Chandler,69.5,0.05,-0.29,-0.18,-1.63,-1.23,Chandler Simpson,chandler simpson
"Pereda, Jhonny",640902,2026,52,4.5,24.3,73.3,Pereda,Jhonny,75.7,0.94,-0.14,0.59,-0.7,-0.07,Jhonny Pereda,jhonny pereda
"Varsho, Daulton",662139,2026,211,6.0,35.4,79.7,Varsho,Daulton,64.6,-0.66,0.53,-0.09,-0.39,-0.33,Daulton Varsho,daulton varsho
"Duran, Ezequiel",677649,2026,184,5.8,36.0,65.0,Duran,Ezequiel,64.0,-0.74,-1.0,-1.29,-0.43,-1.17,Ezequiel Duran,ezequiel duran
"Kurtz, Nick",701762,2026,234,19.0,21.8,69.2,Kurtz,Nick,78.2,1.29,-0.56,0.54,2.3,1.92,Nick Kurtz,nick kurtz
"Basallo, Samuel",694212,2026,177,12.5,39.1,59.1,Basallo,Samuel,60.9,-1.19,-1.61,-2.07,0.95,-0.76,Samuel Basallo,samuel basallo
"Ramos, Heliot",671218,2026,165,13.8,37.2,76.4,Ramos,Heliot,62.8,-0.91,0.19,-0.54,1.22,0.46,Heliot Ramos,heliot ramos
"Myers, Dane",667472,2026,90,9.8,16.9,76.5,Myers,Dane,83.1,2.0,0.2,1.63,0.39,1.36,Dane Myers,dane myers
"Soto, Juan",665742,2026,178,16.2,21.4,69.6,Soto,Juan,78.6,1.35,-0.52,0.62,1.72,1.58,Juan Soto,juan soto
"Ruiz, Esteury",665923,2026,51,9.1,31.3,87.5,Ruiz,Esteury,68.7,-0.07,1.34,0.94,0.25,0.8,Esteury Ruiz,esteury ruiz
"Lee, Brooks",686797,2026,228,5.4,35.8,72.9,Lee,Brooks,64.2,-0.71,-0.18,-0.66,-0.52,-0.8,Brooks Lee,brooks lee
"Meadows, Parker",678009,2026,36,3.8,27.9,57.1,Meadows,Parker,72.1,0.42,-1.82,-1.04,-0.85,-1.27,Parker Meadows,parker meadows
"Escarra, J.C.",641555,2026,64,4.0,25.4,69.6,Escarra,J.C.,74.6,0.78,-0.52,0.19,-0.81,-0.42,J.C. Escarra,jc escarra
"Triolo, Jared",669707,2026,99,1.4,23.9,73.5,Triolo,Jared,76.1,0.99,-0.11,0.65,-1.34,-0.47,Jared Triolo,jared triolo
"Giménez, Andrés",665926,2026,214,3.5,42.9,85.0,Giménez,Andrés,57.1,-1.73,1.08,-0.48,-0.91,-0.94,Andrés Giménez,andres gimenez
"Wilson, Jacob",805779,2026,161,2.1,43.2,78.8,Wilson,Jacob,56.8,-1.78,0.44,-0.99,-1.2,-1.48,Jacob Wilson,jacob wilson
"Marsh, Brandon",669016,2026,216,7.9,37.1,76.2,Marsh,Brandon,62.9,-0.9,0.17,-0.54,-0.0,-0.37,Brandon Marsh,brandon marsh
"Rivas, Leo",660844,2026,99,1.5,17.7,81.4,Rivas,Leo,82.3,1.88,0.71,1.92,-1.32,0.4,Leo Rivas,leo rivas
"Horwitz, Spencer",687462,2026,196,7.6,25.1,61.2,Horwitz,Spencer,74.9,0.82,-1.39,-0.42,-0.06,-0.33,Spencer Horwitz,spencer horwitz
"Freeland, Alex",690976,2026,123,8.0,22.3,81.6,Freeland,Alex,77.7,1.22,0.73,1.44,0.02,0.99,Alex Freeland,alex freeland
"Goodman, Hunter",696100,2026,227,15.5,41.0,79.7,Goodman,Hunter,59.0,-1.46,0.53,-0.69,1.57,0.6,Hunter Goodman,hunter goodman
"Doyle, Brenton",686668,2026,111,5.9,35.4,75.0,Doyle,Brenton,64.6,-0.66,0.04,-0.46,-0.41,-0.59,Brenton Doyle,brenton doyle
"Ohtani, Shohei",660271,2026,232,15.3,29.3,72.3,Ohtani,Shohei,70.7,0.22,-0.24,-0.02,1.53,1.02,Shohei Ohtani,shohei ohtani
"Crews, Dylan",686611,2026,65,10.0,40.7,81.3,Crews,Dylan,59.3,-1.42,0.7,-0.53,0.43,-0.07,Dylan Crews,dylan crews
"Rushing, Dalton",687221,2026,101,10.8,32.1,87.0,Rushing,Dalton,67.9,-0.18,1.29,0.82,0.6,0.96,Dalton Rushing,dalton rushing
"Haggerty, Sam",664059,2026,44,0.0,33.8,90.0,Haggerty,Sam,66.2,-0.43,1.6,0.87,-1.63,-0.52,Sam Haggerty,sam haggerty
"Chapman, Matt",656305,2026,244,5.4,26.1,70.9,Chapman,Matt,73.9,0.68,-0.38,0.22,-0.52,-0.2,Matt Chapman,matt chapman
"Vaughn, Andrew",683734,2026,88,3.8,25.1,76.3,Vaughn,Andrew,74.9,0.82,0.18,0.74,-0.85,-0.07,Andrew Vaughn,andrew vaughn
"Bart, Joey",663698,2026,58,7.9,32.6,58.8,Bart,Joey,67.4,-0.26,-1.64,-1.41,-0.0,-0.95,Joey Bart,joey bart
"Larnach, Trevor",663616,2026,162,5.6,29.3,62.7,Larnach,Trevor,70.7,0.22,-1.24,-0.75,-0.48,-0.83,Trevor Larnach,trevor larnach
"Torres, Gleyber",650402,2026,137,6.4,16.2,76.4,Torres,Gleyber,83.8,2.1,0.19,1.69,-0.31,0.93,Gleyber Torres,gleyber torres
"Bader, Harrison",664056,2026,106,8.2,38.7,66.7,Bader,Harrison,61.3,-1.13,-0.82,-1.45,0.06,-0.94,Harrison Bader,harrison bader
"Halpin, Petey",690984,2026,30,9.1,30.6,81.8,Halpin,Petey,69.4,0.03,0.75,0.58,0.25,0.56,Petey Halpin,petey halpin
"Romo, Drew",691011,2026,73,9.3,31.6,76.2,Romo,Drew,68.4,-0.11,0.17,0.04,0.29,0.22,Drew Romo,drew romo
"Pauley, Graham",688363,2026,85,3.1,25.1,79.3,Pauley,Graham,74.9,0.82,0.49,0.97,-0.99,-0.02,Graham Pauley,graham pauley
"Saggese, Thomas",695336,2026,76,10.0,36.9,77.8,Saggese,Thomas,63.1,-0.87,0.33,-0.4,0.43,0.02,Thomas Saggese,thomas saggese
"Bolte, Henry",703607,2026,74,2.0,31.1,86.4,Bolte,Henry,68.9,-0.04,1.23,0.88,-1.22,-0.23,Henry Bolte,henry bolte
"Winn, Masyn",691026,2026,208,3.1,24.7,62.5,Winn,Masyn,75.3,0.88,-1.26,-0.28,-0.99,-0.86,Masyn Winn,masyn winn
"Walton, Donovan",622268,2026,46,8.1,34.4,89.5,Walton,Donovan,65.6,-0.51,1.55,0.77,0.04,0.55,Donovan Walton,donovan walton
"Mangum, Jake",663968,2026,117,1.0,49.0,76.5,Mangum,Jake,51.0,-2.61,0.2,-1.79,-1.43,-2.17,Jake Mangum,jake mangum
"Siri, Jose",642350,2026,32,17.4,45.9,83.3,Siri,Jose,54.1,-2.16,0.9,-0.93,1.96,0.7,Jose Siri,jose siri
"Riley, Austin",663586,2026,240,10.2,32.3,76.4,Riley,Austin,67.7,-0.21,0.19,-0.02,0.48,0.31,Austin Riley,austin riley
"Marte, Noelvi",682622,2026,40,0.0,43.3,88.9,Marte,Noelvi,56.7,-1.79,1.49,-0.23,-1.63,-1.26,Noelvi Marte,noelvi marte
"Ruiz, Keibert",660688,2026,131,6.1,36.9,62.2,Ruiz,Keibert,63.1,-0.87,-1.29,-1.6,-0.37,-1.33,Keibert Ruiz,keibert ruiz
"Realmuto, J.T.",592663,2026,142,4.4,31.5,82.6,Realmuto,J.T.,68.5,-0.1,0.83,0.54,-0.72,-0.12,J.T. Realmuto,jt realmuto
"Hamilton, David",666152,2026,154,4.1,29.5,62.5,Hamilton,David,70.5,0.19,-1.26,-0.79,-0.79,-1.07,David Hamilton,david hamilton
"Laureano, Ramón",657656,2026,182,14.3,32.7,80.0,Laureano,Ramón,67.3,-0.27,0.56,0.22,1.32,1.04,Ramón Laureano,ramon laureano
"Kim, Ha-Seong",673490,2026,52,2.8,27.3,47.6,Kim,Ha-Seong,72.7,0.51,-2.81,-1.7,-1.05,-1.87,Ha-Seong Kim,ha seong kim
"Slater, Austin",596103,2026,46,3.2,26.8,64.7,Slater,Austin,73.2,0.58,-1.03,-0.33,-0.97,-0.88,Austin Slater,austin slater
"Yoshida, Masataka",807799,2026,123,1.9,27.6,72.7,Yoshida,Masataka,72.4,0.46,-0.2,0.2,-1.24,-0.71,Masataka Yoshida,masataka yoshida
"Lewis, Royce",668904,2026,111,10.8,33.2,83.3,Lewis,Royce,66.8,-0.34,0.9,0.42,0.6,0.69,Royce Lewis,royce lewis
"Dezenzo, Zach",701305,2026,47,14.3,29.1,58.3,Dezenzo,Zach,70.9,0.25,-1.69,-1.07,1.32,0.17,Zach Dezenzo,zach dezenzo
"Bregman, Alex",608324,2026,263,5.2,23.1,62.6,Bregman,Alex,76.9,1.11,-1.25,-0.1,-0.56,-0.45,Alex Bregman,alex bregman
"Happ, Ian",664023,2026,233,15.9,24.9,71.2,Happ,Ian,75.1,0.85,-0.35,0.37,1.65,1.37,Ian Happ,ian happ
"Neto, Zach",687263,2026,251,12.3,32.3,83.1,Neto,Zach,67.7,-0.21,0.88,0.5,0.91,0.95,Zach Neto,zach neto
"Wilson, Weston",642215,2026,39,3.7,27.3,72.7,Wilson,Weston,72.7,0.51,-0.2,0.23,-0.87,-0.43,Weston Wilson,weston wilson
"León, Sandy",506702,2026,36,0.0,43.1,88.9,León,Sandy,56.9,-1.76,1.49,-0.2,-1.63,-1.24,Sandy León,sandy leon
"García Jr., Luis",671277,2026,203,7.6,41.9,71.7,García Jr.,Luis,58.1,-1.59,-0.3,-1.4,-0.06,-0.99,Luis García Jr.,luis garcia
"Betts, Mookie",605141,2026,120,8.6,21.9,70.8,Betts,Mookie,78.1,1.28,-0.4,0.66,0.14,0.54,Mookie Betts,mookie betts
"Straw, Myles",664702,2026,101,4.7,18.8,56.1,Straw,Myles,81.2,1.72,-1.92,-0.15,-0.66,-0.55,Myles Straw,myles straw
"Abrams, CJ",682928,2026,242,11.2,34.5,73.0,Abrams,CJ,65.5,-0.53,-0.17,-0.51,0.68,0.11,CJ Abrams,cj abrams
"McKinstry, Zach",656716,2026,121,2.0,28.0,72.9,McKinstry,Zach,72.0,0.4,-0.18,0.17,-1.22,-0.71,Zach McKinstry,zach mckinstry
"García, Adolis",666969,2026,225,9.5,29.4,74.1,García,Adolis,70.6,0.2,-0.05,0.11,0.33,0.3,Adolis García,adolis garcia
"Merrill, Jackson",701538,2026,232,10.1,34.6,86.9,Merrill,Jackson,65.4,-0.54,1.28,0.55,0.45,0.68,Jackson Merrill,jackson merrill
"Tena, José",677588,2026,122,10.0,31.4,81.0,Tena,José,68.6,-0.08,0.66,0.43,0.43,0.58,José Tena,jose tena
"Mack, Joe",691788,2026,83,7.0,24.6,77.8,Mack,Joe,75.4,0.89,0.33,0.91,-0.19,0.49,Joe Mack,joe mack
"Buxton, Byron",621439,2026,226,17.8,35.5,82.1,Buxton,Byron,64.5,-0.67,0.78,0.08,2.05,1.44,Byron Buxton,byron buxton
"Alvarez, Francisco",682626,2026,112,16.5,30.7,63.4,Alvarez,Francisco,69.3,0.02,-1.16,-0.85,1.78,0.63,Francisco Alvarez,francisco alvarez
"Baldwin, Drake",686948,2026,188,18.6,34.4,83.1,Baldwin,Drake,65.6,-0.51,0.88,0.27,2.21,1.68,Drake Baldwin,drake baldwin
"Barrosa, Jorge",678489,2026,96,6.1,31.3,57.1,Barrosa,Jorge,68.7,-0.07,-1.82,-1.4,-0.37,-1.2,Jorge Barrosa,jorge barrosa
"Crawford, J.P.",641487,2026,193,9.4,19.9,73.4,Crawford,J.P.,80.1,1.57,-0.12,1.07,0.31,0.93,J.P. Crawford,jp crawford
"Shewmake, Braden",669699,2026,74,6.3,54.1,80.0,Shewmake,Braden,45.9,-3.34,0.56,-2.06,-0.33,-1.62,Braden Shewmake,braden shewmake
"Fortes, Nick",663743,2026,149,0.8,37.9,73.2,Fortes,Nick,62.1,-1.02,-0.15,-0.86,-1.47,-1.57,Nick Fortes,nick fortes
"Harper, Bryce",547180,2026,230,13.7,34.2,80.0,Harper,Bryce,65.8,-0.48,0.56,0.06,1.2,0.85,Bryce Harper,bryce harper
"Keaschall, Luke",807712,2026,221,2.7,24.7,71.4,Keaschall,Luke,75.3,0.88,-0.33,0.4,-1.08,-0.45,Luke Keaschall,luke keaschall
"Sánchez, Gary",596142,2026,102,10.5,20.6,61.5,Sánchez,Gary,79.4,1.47,-1.36,0.08,0.54,0.42,Gary Sánchez,gary sanchez
"Hayes, Ke'Bryan",663647,2026,120,9.4,29.3,66.7,Hayes,Ke'Bryan,70.7,0.22,-0.82,-0.45,0.31,-0.09,Ke'Bryan Hayes,kebryan hayes
"Bichette, Bo",666182,2026,261,7.4,39.2,77.5,Bichette,Bo,60.8,-1.2,0.3,-0.67,-0.1,-0.52,Bo Bichette,bo bichette
"Montgomery, Colson",695657,2026,236,13.7,31.7,77.8,Montgomery,Colson,68.3,-0.13,0.33,0.15,1.2,0.91,Colson Montgomery,colson montgomery
"Antonacci, Sam",803011,2026,161,6.7,21.9,78.6,Antonacci,Sam,78.1,1.28,0.42,1.26,-0.25,0.68,Sam Antonacci,sam antonacci
"Rengifo, Luis",650859,2026,177,5.1,30.3,82.1,Rengifo,Luis,69.7,0.07,0.78,0.63,-0.58,0.04,Luis Rengifo,luis rengifo
"Ewing, A.J.",805999,2026,85,7.0,27.7,72.7,Ewing,A.J.,72.3,0.45,-0.2,0.19,-0.19,-0.0,A.J. Ewing,aj ewing
"Stanton, Giancarlo",519317,2026,90,18.0,30.3,61.5,Stanton,Giancarlo,69.7,0.07,-1.36,-0.95,2.09,0.77,Giancarlo Stanton,giancarlo stanton
"Peters, Tristan",671976,2026,163,4.5,33.9,95.3,Peters,Tristan,66.1,-0.44,2.15,1.27,-0.7,0.38,Tristan Peters,tristan peters
"Caissie, Owen",683357,2026,154,12.9,28.8,73.5,Caissie,Owen,71.2,0.29,-0.11,0.13,1.03,0.79,Owen Caissie,owen caissie
"Paredes, Isaac",670623,2026,224,6.5,27.9,64.6,Paredes,Isaac,72.1,0.42,-1.04,-0.46,-0.29,-0.51,Isaac Paredes,isaac paredes
"Emerson, Colt",806068,2026,62,4.9,29.3,81.0,Emerson,Colt,70.7,0.22,0.66,0.65,-0.62,0.02,Colt Emerson,colt emerson
"McMahon, Ryan",641857,2026,161,10.4,31.7,71.4,McMahon,Ryan,68.3,-0.13,-0.33,-0.34,0.52,0.12,Ryan McMahon,ryan mcmahon
"Swanson, Dansby",621020,2026,205,7.2,25.4,82.6,Swanson,Dansby,74.6,0.78,0.83,1.19,-0.14,0.71,Dansby Swanson,dansby swanson
"Bellinger, Cody",641355,2026,232,8.5,25.2,70.7,Bellinger,Cody,74.8,0.81,-0.41,0.3,0.12,0.28,Cody Bellinger,cody bellinger
"Pérez, Wenceel",672761,2026,152,7.2,28.6,78.9,Pérez,Wenceel,71.4,0.32,0.45,0.57,-0.14,0.29,Wenceel Pérez,wenceel perez
"Monasterio, Andruw",655316,2026,99,6.6,25.4,73.0,Monasterio,Andruw,74.6,0.78,-0.17,0.45,-0.27,0.12,Andruw Monasterio,andruw monasterio
"Karros, Kyle",691720,2026,182,6.7,24.0,73.8,Karros,Kyle,76.0,0.98,-0.08,0.66,-0.25,0.28,Kyle Karros,kyle karros
"Urías, Ramón",602104,2026,57,10.9,25.4,78.6,Urías,Ramón,74.6,0.78,0.42,0.88,0.62,1.02,Ramón Urías,ramon urias
"Brito, Juan",682877,2026,51,2.9,35.2,76.9,Brito,Juan,64.8,-0.63,0.24,-0.29,-1.03,-0.89,Juan Brito,juan brito
"Norby, Connor",681393,2026,176,8.5,26.4,85.2,Norby,Connor,73.6,0.63,1.1,1.29,0.12,0.95,Connor Norby,connor norby
"Herrera, Iván",671056,2026,236,6.9,28.4,72.0,Herrera,Iván,71.6,0.35,-0.27,0.06,-0.21,-0.1,Iván Herrera,ivan herrera
"Gilbert, Drew",687551,2026,132,2.9,29.2,66.7,Gilbert,Drew,70.8,0.23,-0.82,-0.44,-1.03,-0.99,Drew Gilbert,drew gilbert
"Troy, Tommy",694371,2026,40,9.1,19.1,81.3,Troy,Tommy,80.9,1.68,0.7,1.76,0.25,1.36,Tommy Troy,tommy troy
"Cortes, Carlos",666126,2026,154,8.8,22.6,72.1,Cortes,Carlos,77.4,1.18,-0.26,0.68,0.19,0.59,Carlos Cortes,carlos cortes
"Young, Jacob",696285,2026,203,6.1,26.1,56.1,Young,Jacob,73.9,0.68,-1.92,-0.92,-0.37,-0.88,Jacob Young,jacob young
"Dingler, Dillon",693307,2026,213,13.9,33.0,73.3,Dingler,Dillon,67.0,-0.31,-0.14,-0.33,1.24,0.61,Dillon Dingler,dillon dingler
"Naylor, Josh",647304,2026,245,5.2,35.5,79.4,Naylor,Josh,64.5,-0.67,0.5,-0.13,-0.56,-0.46,Josh Naylor,josh naylor
"Burleson, Alec",676475,2026,241,10.0,35.1,79.1,Burleson,Alec,64.9,-0.61,0.47,-0.11,0.43,0.22,Alec Burleson,alec burleson
"Millas, Drew",686452,2026,96,4.1,27.8,60.7,Millas,Drew,72.2,0.43,-1.44,-0.75,-0.79,-1.04,Drew Millas,drew millas
"Schmitt, Casey",669477,2026,236,13.2,35.8,83.1,Schmitt,Casey,64.2,-0.71,0.88,0.12,1.1,0.83,Casey Schmitt,casey schmitt
"Suzuki, Seiya",673548,2026,190,8.8,23.8,68.1,Suzuki,Seiya,76.2,1.01,-0.68,0.25,0.19,0.29,Seiya Suzuki,seiya suzuki
"Schwarber, Kyle",656941,2026,239,21.8,25.2,77.6,Schwarber,Kyle,74.8,0.81,0.31,0.83,2.87,2.5,Kyle Schwarber,kyle schwarber
"Johnston, Troy",687859,2026,207,3.0,35.1,78.6,Johnston,Troy,64.9,-0.61,0.42,-0.15,-1.01,-0.78,Troy Johnston,troy johnston
"Langford, Wyatt",694671,2026,90,7.4,28.6,66.7,Langford,Wyatt,71.4,0.32,-0.82,-0.37,-0.1,-0.32,Wyatt Langford,wyatt langford
"Yelich, Christian",592885,2026,138,6.4,23.4,81.0,Yelich,Christian,76.6,1.06,0.66,1.28,-0.31,0.66,Christian Yelich,christian yelich
"Davis, Henry",680779,2026,121,11.6,30.8,82.0,Davis,Henry,69.2,0.0,0.77,0.57,0.77,0.9,Henry Davis,henry davis
"Fermin, Freddy",666023,2026,112,2.3,32.9,88.2,Fermin,Freddy,67.1,-0.3,1.41,0.83,-1.16,-0.22,Freddy Fermin,freddy fermin
"Caballero, José",676609,2026,178,2.8,34.3,76.0,Caballero,José,65.7,-0.5,0.15,-0.26,-1.05,-0.89,José Caballero,jose caballero
"Jung, Josh",673962,2026,230,5.7,31.8,68.1,Jung,Josh,68.2,-0.14,-0.68,-0.6,-0.46,-0.72,Josh Jung,josh jung
"Wells, Austin",669224,2026,145,6.9,28.6,80.0,Wells,Austin,71.4,0.32,0.56,0.65,-0.21,0.3,Austin Wells,austin wells
"Stowers, Kyle",669065,2026,159,7.4,36.0,81.5,Stowers,Kyle,64.0,-0.74,0.72,-0.02,-0.1,-0.08,Kyle Stowers,kyle stowers
"Call, Alex",669743,2026,76,1.5,19.3,75.0,Call,Alex,80.7,1.65,0.04,1.26,-1.32,-0.05,Alex Call,alex call
"Fry, David",681807,2026,86,7.3,26.9,62.5,Fry,David,73.1,0.56,-1.26,-0.51,-0.12,-0.43,David Fry,david fry
"Perdomo, Geraldo",672695,2026,215,3.1,22.4,58.0,Perdomo,Geraldo,77.6,1.21,-1.72,-0.38,-0.99,-0.93,Geraldo Perdomo,geraldo perdomo
"Shaw, Matt",807713,2026,95,5.1,36.8,63.0,Shaw,Matt,63.2,-0.86,-1.21,-1.53,-0.58,-1.42,Matt Shaw,matt shaw
"Mayer, Marcelo",691785,2026,167,6.6,28.8,79.2,Mayer,Marcelo,71.2,0.29,0.48,0.57,-0.27,0.2,Marcelo Mayer,marcelo mayer
"McGonigle, Kevin",805808,2026,237,9.0,19.1,75.0,McGonigle,Kevin,80.9,1.68,0.04,1.28,0.23,1.02,Kevin McGonigle,kevin mcgonigle
"Domínguez, Jasson",691176,2026,30,0.0,33.3,90.0,Domínguez,Jasson,66.7,-0.36,1.6,0.92,-1.63,-0.48,Jasson Domínguez,jasson dominguez
"Castro, Willi",650489,2026,183,5.5,38.2,79.0,Castro,Willi,61.8,-1.06,0.46,-0.45,-0.5,-0.64,Willi Castro,willi castro
"Burger, Jake",669394,2026,236,8.9,38.5,67.2,Burger,Jake,61.5,-1.1,-0.77,-1.39,0.21,-0.8,Jake Burger,jake burger
"Frelick, Sal",686217,2026,198,2.3,22.6,58.3,Frelick,Sal,77.4,1.18,-1.69,-0.38,-1.16,-1.04,Sal Frelick,sal frelick
"Contreras, Willson",575929,2026,218,15.5,33.5,71.2,Contreras,Willson,66.5,-0.38,-0.35,-0.55,1.57,0.69,Willson Contreras,willson contreras
"Hinds, Rece",677956,2026,33,0.0,42.4,75.0,Hinds,Rece,57.6,-1.66,0.04,-1.2,-1.63,-1.92,Rece Hinds,rece hinds
"Fraley, Jake",641584,2026,82,8.9,21.9,72.7,Fraley,Jake,78.1,1.28,-0.2,0.8,0.21,0.68,Jake Fraley,jake fraley
"Del Castillo, Adrian",680728,2026,122,6.2,30.1,75.6,Del Castillo,Adrian,69.9,0.1,0.1,0.15,-0.35,-0.13,Adrian Del Castillo,adrian del castillo
"Busch, Michael",683737,2026,236,11.0,25.2,71.4,Busch,Michael,74.8,0.81,-0.33,0.35,0.64,0.67,Michael Busch,michael busch
"Correa, Carlos",621043,2026,122,10.3,32.0,61.4,Correa,Carlos,68.0,-0.17,-1.37,-1.14,0.5,-0.44,Carlos Correa,carlos correa
"Hedges, Austin",595978,2026,84,0.0,24.6,83.9,Hedges,Austin,75.4,0.89,0.97,1.38,-1.63,-0.17,Austin Hedges,austin hedges
"Williams, Carson",700246,2026,30,0.0,34.5,90.9,Williams,Carson,65.5,-0.53,1.69,0.86,-1.63,-0.52,Carson Williams,carson williams
"Conforto, Michael",624424,2026,88,15.3,24.9,77.4,Conforto,Michael,75.1,0.85,0.29,0.84,1.53,1.61,Michael Conforto,michael conforto
"Matthews, Brice",694728,2026,153,7.0,25.6,75.0,Matthews,Brice,74.4,0.75,0.04,0.59,-0.19,0.27,Brice Matthews,brice matthews
"Acuña Jr., Ronald",660670,2026,193,13.2,25.0,82.1,Acuña Jr.,Ronald,75.0,0.84,0.78,1.2,1.1,1.55,Ronald Acuña Jr.,ronald acuna
"Crow-Armstrong, Pete",691718,2026,244,11.9,39.0,73.2,Crow-Armstrong,Pete,61.0,-1.17,-0.15,-0.98,0.83,-0.1,Pete Crow-Armstrong,pete crow armstrong
"Hoskins, Rhys",656555,2026,141,12.8,20.5,79.4,Hoskins,Rhys,79.5,1.48,0.5,1.47,1.01,1.68,Rhys Hoskins,rhys hoskins
"Hicks, Liam",689414,2026,206,4.8,25.9,70.9,Hicks,Liam,74.1,0.71,-0.38,0.24,-0.64,-0.27,Liam Hicks,liam hicks
"Robert Jr., Luis",673357,2026,85,2.9,32.1,84.0,Robert Jr.,Luis,67.9,-0.18,0.98,0.59,-1.03,-0.3,Luis Robert Jr.,luis robert
"Thomas, Alek",677950,2026,94,8.6,42.5,81.8,Thomas,Alek,57.5,-1.68,0.75,-0.69,0.14,-0.37,Alek Thomas,alek thomas
"Turner, Trea",607208,2026,266,5.3,34.9,87.5,Turner,Trea,65.1,-0.59,1.34,0.56,-0.54,0.01,Trea Turner,trea turner
"Manzardo, Kyle",700932,2026,179,12.4,31.2,75.6,Manzardo,Kyle,68.8,-0.05,0.1,0.04,0.93,0.65,Kyle Manzardo,kyle manzardo
"Martin, Austin",668885,2026,186,2.7,18.3,83.1,Martin,Austin,81.7,1.8,0.88,1.99,-1.08,0.61,Austin Martin,austin martin
"Díaz, Yandy",650490,2026,231,9.1,27.2,66.7,Díaz,Yandy,72.8,0.52,-0.82,-0.22,0.25,0.02,Yandy Díaz,yandy diaz
"Durbin, Caleb",702332,2026,184,1.9,27.3,69.0,Durbin,Caleb,72.7,0.51,-0.58,-0.06,-1.24,-0.88,Caleb Durbin,caleb durbin
"Suárez, Eugenio",553993,2026,138,8.0,29.8,72.2,Suárez,Eugenio,70.2,0.15,-0.25,-0.08,0.02,-0.04,Eugenio Suárez,eugenio suarez
"Short, Zack",670097,2026,33,8.0,27.5,100.0,Short,Zack,72.5,0.48,2.64,2.31,0.02,1.57,Zack Short,zack short
"Kwan, Steven",680757,2026,218,0.5,21.6,50.0,Kwan,Steven,78.4,1.32,-2.56,-0.91,-1.53,-1.65,Steven Kwan,steven kwan
"Lopez, Nicky",670032,2026,32,0.0,40.4,75.0,Lopez,Nicky,59.6,-1.37,0.04,-0.99,-1.63,-1.77,Nicky Lopez,nicky lopez
"Anthony, Roman",701350,2026,109,9.3,21.6,45.5,Anthony,Roman,78.4,1.32,-3.02,-1.26,0.29,-0.66,Roman Anthony,roman anthony
"Narváez, Carlos",665966,2026,115,6.4,34.4,78.4,Narváez,Carlos,65.6,-0.51,0.39,-0.09,-0.31,-0.27,Carlos Narváez,carlos narvaez
"Gasper, Mickey",681508,2026,70,5.7,26.5,77.3,Gasper,Mickey,73.5,0.62,0.28,0.67,-0.46,0.14,Mickey Gasper,mickey gasper
"Quero, Edgar",700337,2026,125,2.1,28.4,76.1,Quero,Edgar,71.6,0.35,0.16,0.37,-1.2,-0.56,Edgar Quero,edgar quero
"Ozuna, Marcell",542303,2026,181,8.3,25.4,58.3,Ozuna,Marcell,74.6,0.78,-1.69,-0.68,0.08,-0.4,Marcell Ozuna,marcell ozuna
"Jansen, Danny",643376,2026,123,6.0,23.8,59.6,Jansen,Danny,76.2,1.01,-1.56,-0.41,-0.39,-0.54,Danny Jansen,danny jansen
"Henderson, Gunnar",683002,2026,277,9.0,34.1,68.3,Henderson,Gunnar,65.9,-0.47,-0.65,-0.83,0.23,-0.41,Gunnar Henderson,gunnar henderson
"Grichuk, Randal",545341,2026,85,13.8,33.8,64.0,Grichuk,Randal,66.2,-0.43,-1.1,-1.13,1.22,0.06,Randal Grichuk,randal grichuk
"Jiménez, Leo",677870,2026,60,6.4,26.8,70.6,Jiménez,Leo,73.2,0.58,-0.42,0.12,-0.31,-0.13,Leo Jiménez,leo jimenez
"McCutchen, Andrew",457705,2026,73,5.8,20.5,81.5,McCutchen,Andrew,79.5,1.48,0.72,1.63,-0.43,0.81,Andrew McCutchen,andrew mccutchen
"Moncada, Yoán",660162,2026,111,7.7,21.1,50.0,Moncada,Yoán,78.9,1.39,-2.56,-0.86,-0.04,-0.61,Yoán Moncada,yoan moncada
"Lopez, Otto",672640,2026,256,7.4,36.0,75.0,Lopez,Otto,64.0,-0.74,0.04,-0.52,-0.1,-0.42,Otto Lopez,otto lopez
"Story, Trevor",596115,2026,165,3.6,44.0,68.4,Story,Trevor,56.0,-1.89,-0.64,-1.88,-0.89,-1.87,Trevor Story,trevor story
"Olson, Matt",621566,2026,258,14.0,27.7,77.5,Olson,Matt,72.3,0.45,0.3,0.55,1.26,1.23,Matt Olson,matt olson
"Ramírez, José",608070,2026,252,7.0,29.5,80.5,Ramírez,José,70.5,0.19,0.61,0.59,-0.19,0.28,José Ramírez,jose ramirez
"Torrens, Luis",620443,2026,110,4.8,34.8,79.5,Torrens,Luis,65.2,-0.57,0.51,-0.05,-0.64,-0.46,Luis Torrens,luis torrens
"Guerrero Jr., Vladimir",665489,2026,234,6.7,31.9,84.7,Guerrero Jr.,Vladimir,68.1,-0.15,1.05,0.66,-0.25,0.28,Vladimir Guerrero Jr.,vladimir guerrero
"O'Hoppe, Logan",681351,2026,134,11.2,33.7,83.3,O'Hoppe,Logan,66.3,-0.41,0.9,0.36,0.68,0.71,Logan O'Hoppe,logan ohoppe
"Mayo, Coby",691723,2026,165,10.1,29.5,62.7,Mayo,Coby,70.5,0.19,-1.24,-0.78,0.45,-0.22,Coby Mayo,coby mayo
"Lee, Hao-Yu ",701678,2026,83,11.9,27.6,81.0,Lee,Hao-Yu,72.4,0.46,0.66,0.83,0.83,1.12,Hao-Yu Lee,hao yu lee
"Donovan, Brendan",680977,2026,84,4.4,25.3,69.6,Donovan,Brendan,74.7,0.79,-0.52,0.2,-0.72,-0.35,Brendan Donovan,brendan donovan
"Piñango, Yohendrick",682818,2026,105,8.6,33.3,74.3,Piñango,Yohendrick,66.7,-0.36,-0.03,-0.29,0.14,-0.1,Yohendrick Piñango,yohendrick pinango
"Tovar, Ezequiel",678662,2026,220,8.2,44.2,87.3,Tovar,Ezequiel,55.8,-1.92,1.32,-0.44,0.06,-0.26,Ezequiel Tovar,ezequiel tovar
"Marte, Starling",516782,2026,66,15.6,32.1,73.9,Marte,Starling,67.9,-0.18,-0.07,-0.19,1.59,0.95,Starling Marte,starling marte
"Mauricio, Ronny",677595,2026,32,10.0,53.6,66.7,Mauricio,Ronny,46.4,-3.27,-0.82,-3.03,0.43,-1.75,Ronny Mauricio,ronny mauricio
"Gorman, Nolan",669357,2026,196,9.3,31.7,80.9,Gorman,Nolan,68.3,-0.13,0.65,0.39,0.29,0.46,Nolan Gorman,nolan gorman
"d'Arnaud, Travis",518595,2026,35,14.3,28.4,71.4,d'Arnaud,Travis,71.6,0.35,-0.33,0.01,1.32,0.9,Travis d'Arnaud,travis darnaud
"Sanoja, Javier",691594,2026,138,1.7,42.6,72.4,Sanoja,Javier,57.4,-1.69,-0.23,-1.42,-1.28,-1.83,Javier Sanoja,javier sanoja
"Baty, Brett",683146,2026,196,7.3,27.2,73.1,Baty,Brett,72.8,0.52,-0.16,0.27,-0.12,0.1,Brett Baty,brett baty
"McNeil, Jeff",643446,2026,201,1.2,31.9,90.2,McNeil,Jeff,68.1,-0.15,1.62,1.09,-1.39,-0.2,Jeff McNeil,jeff mcneil
"Pasquantino, Vinnie",686469,2026,236,7.3,30.7,76.9,Pasquantino,Vinnie,69.3,0.02,0.24,0.19,-0.12,0.04,Vinnie Pasquantino,vinnie pasquantino
"Pages, Andy",681624,2026,247,10.1,35.0,73.3,Pages,Andy,65.0,-0.6,-0.14,-0.54,0.45,-0.06,Andy Pages,andy pages
"Mesa Jr., Victor",683748,2026,34,8.3,34.4,100.0,Mesa Jr.,Victor,65.6,-0.51,2.64,1.57,0.08,1.12,Victor Mesa Jr.,victor mesa
"Wisdom, Patrick",621550,2026,32,22.2,40.3,75.0,Wisdom,Patrick,59.7,-1.36,0.04,-0.98,2.96,1.34,Patrick Wisdom,patrick wisdom
"Rivero, Sebastián",665861,2026,50,0.0,45.3,66.7,Rivero,Sebastián,54.7,-2.08,-0.82,-2.15,-1.63,-2.56,Sebastián Rivero,sebastian rivero
"Heim, Jonah",641680,2026,78,6.3,33.1,59.1,Heim,Jonah,66.9,-0.33,-1.61,-1.44,-0.33,-1.19,Jonah Heim,jonah heim
"Young, Cole",702284,2026,238,5.3,31.2,66.7,Young,Cole,68.8,-0.05,-0.82,-0.65,-0.54,-0.8,Cole Young,cole young
"Sosa, Lenyn",672820,2026,113,5.6,50.0,46.4,Sosa,Lenyn,50.0,-2.75,-2.93,-4.21,-0.48,-3.17,Lenyn Sosa,lenyn sosa
"Fermín, José",665877,2026,84,1.4,23.6,58.6,Fermín,José,76.4,1.04,-1.66,-0.46,-1.34,-1.22,José Fermín,jose fermin
"Teodosio, Bryce",669326,2026,47,6.7,38.9,93.3,Teodosio,Bryce,61.1,-1.16,1.94,0.58,-0.25,0.22,Bryce Teodosio,bryce teodosio
"Bazzana, Travis",683953,2026,137,3.8,23.3,81.8,Bazzana,Travis,76.7,1.08,0.75,1.35,-0.85,0.34,Travis Bazzana,travis bazzana
"Taveras, Leody",665750,2026,167,4.6,29.5,79.6,Taveras,Leody,70.5,0.19,0.52,0.53,-0.68,-0.11,Leody Taveras,leody taveras
"House, Brady",691781,2026,163,10.6,33.5,78.0,House,Brady,66.5,-0.38,0.35,-0.02,0.56,0.36,Brady House,brady house
"Sánchez, Jesús",660821,2026,185,11.6,39.7,86.0,Sánchez,Jesús,60.3,-1.27,1.18,-0.07,0.77,0.47,Jesús Sánchez,jesus sanchez
"Sogard, Nick",686765,2026,35,0.0,22.6,88.9,Sogard,Nick,77.4,1.18,1.49,1.97,-1.63,0.23,Nick Sogard,nick sogard
"Smith, Dominic",642086,2026,139,8.4,35.3,87.5,Smith,Dominic,64.7,-0.64,1.34,0.52,0.1,0.42,Dominic Smith,dominic smith
"Sosa, Edmundo",624641,2026,98,8.0,53.5,61.5,Sosa,Edmundo,46.5,-3.25,-1.36,-3.42,0.02,-2.3,Edmundo Sosa,edmundo sosa
"Murakami, Munetaka",808959,2026,200,20.7,21.9,75.0,Murakami,Munetaka,78.1,1.28,0.04,0.98,2.65,2.45,Munetaka Murakami,munetaka murakami
"Garver, Mitch",641598,2026,79,5.9,24.4,73.9,Garver,Mitch,75.6,0.92,-0.07,0.63,-0.41,0.15,Mitch Garver,mitch garver
"Eldridge, Bryce",805811,2026,87,9.2,29.1,82.6,Eldridge,Bryce,70.9,0.25,0.83,0.8,0.27,0.72,Bryce Eldridge,bryce eldridge
"Holliday, Jackson",702616,2026,52,11.1,22.5,93.3,Holliday,Jackson,77.5,1.19,1.94,2.32,0.66,2.02,Jackson Holliday,jackson holliday
"Trout, Mike",545361,2026,234,21.3,18.5,62.2,Trout,Mike,81.5,1.77,-1.29,0.35,2.77,2.11,Mike Trout,mike trout
"Stewart, Sal",701398,2026,244,14.9,27.6,78.6,Stewart,Sal,72.4,0.46,0.42,0.65,1.45,1.42,Sal Stewart,sal stewart
"Walker, Christian",572233,2026,250,12.0,29.2,75.6,Walker,Christian,70.8,0.23,0.1,0.25,0.85,0.74,Christian Walker,christian walker
"McCann, James",543510,2026,59,6.8,45.8,63.6,McCann,James,54.2,-2.15,-1.14,-2.44,-0.23,-1.8,James McCann,james mccann
"Wood, James",695578,2026,253,25.0,22.9,71.6,Wood,James,77.1,1.14,-0.31,0.61,3.54,2.8,James Wood,james wood
"Melendez, MJ",669004,2026,90,12.1,29.8,76.0,Melendez,MJ,70.2,0.15,0.15,0.22,0.87,0.73,MJ Melendez,mj melendez
"Jeffers, Ryan",680777,2026,122,15.8,23.3,70.0,Jeffers,Ryan,76.7,1.08,-0.48,0.45,1.63,1.41,Ryan Jeffers,ryan jeffers
"Smith, Will",669257,2026,173,13.4,21.3,64.3,Smith,Will,78.7,1.37,-1.07,0.22,1.14,0.92,Will Smith,will smith
"Kim, Hyeseong",808975,2026,116,3.4,29.2,67.6,Kim,Hyeseong,70.8,0.23,-0.73,-0.37,-0.93,-0.88,Hyeseong Kim,hyeseong kim
"Wong, Connor",657136,2026,72,3.6,34.2,81.8,Wong,Connor,65.8,-0.48,0.75,0.19,-0.89,-0.47,Connor Wong,connor wong
"Marchán, Rafael",665561,2026,68,3.6,31.3,72.0,Marchán,Rafael,68.7,-0.07,-0.27,-0.25,-0.89,-0.77,Rafael Marchán,rafael marchan
"Martínez, Angel",682657,2026,211,7.9,43.6,73.1,Martínez,Angel,56.4,-1.83,-0.16,-1.47,-0.0,-1.0,Angel Martínez,angel martinez
"Hays, Austin",669720,2026,43,3.3,39.4,61.5,Hays,Austin,60.6,-1.23,-1.36,-1.92,-0.95,-1.94,Austin Hays,austin hays
"Valera, George",671655,2026,37,0.0,40.4,100.0,Valera,George,59.6,-1.37,2.64,0.94,-1.63,-0.47,George Valera,george valera
"Yorke, Nick",694377,2026,76,5.0,28.4,70.0,Yorke,Nick,71.6,0.35,-0.48,-0.1,-0.6,-0.47,Nick Yorke,nick yorke
"Wallner, Matt",670242,2026,120,10.4,31.6,75.8,Wallner,Matt,68.4,-0.11,0.12,0.01,0.52,0.36,Matt Wallner,matt wallner
"Rooker, Brent",667670,2026,180,15.5,31.0,78.2,Rooker,Brent,69.0,-0.03,0.37,0.26,1.57,1.24,Brent Rooker,brent rooker
"Hernández, Heriberto",681715,2026,114,9.5,25.9,87.5,Hernández,Heriberto,74.1,0.71,1.34,1.52,0.33,1.25,Heriberto Hernández,heriberto hernandez
"Soler, Jorge",624585,2026,214,11.3,28.2,75.0,Soler,Jorge,71.8,0.38,0.04,0.31,0.7,0.68,Jorge Soler,jorge soler
"Jiménez, Eloy",650391,2026,31,4.0,39.2,100.0,Jiménez,Eloy,60.8,-1.2,2.64,1.06,-0.81,0.17,Eloy Jiménez,eloy jimenez
"Stephenson, Tyler",663886,2026,161,11.6,21.8,88.5,Stephenson,Tyler,78.2,1.29,1.44,2.03,0.77,1.89,Tyler Stephenson,tyler stephenson
"McCarthy, Jake",664983,2026,170,5.8,33.7,89.4,McCarthy,Jake,66.3,-0.41,1.54,0.83,-0.43,0.27,Jake McCarthy,jake mccarthy
"Hill, Derek",656537,2026,75,10.2,34.6,81.8,Hill,Derek,65.4,-0.54,0.75,0.15,0.48,0.42,Derek Hill,derek hill
"Canzone, Dominic",686527,2026,143,17.1,32.0,62.2,Canzone,Dominic,68.0,-0.17,-1.29,-1.08,1.9,0.56,Dominic Canzone,dominic canzone
"Arozarena, Randy",668227,2026,246,7.5,32.2,78.3,Arozarena,Randy,67.8,-0.2,0.38,0.14,-0.08,0.04,Randy Arozarena,randy arozarena
"Carpenter, Kerry",681481,2026,121,10.4,35.2,71.0,Carpenter,Kerry,64.8,-0.63,-0.37,-0.74,0.52,-0.15,Kerry Carpenter,kerry carpenter
"Sullivan, Brett",664954,2026,86,1.5,38.2,66.7,Sullivan,Brett,61.8,-1.06,-0.82,-1.39,-1.32,-1.84,Brett Sullivan,brett sullivan
"Kelly, Carson",608348,2026,157,6.3,28.7,81.8,Kelly,Carson,71.3,0.3,0.75,0.78,-0.33,0.3,Carson Kelly,carson kelly
"O'Hearn, Ryan",656811,2026,182,7.0,30.4,64.8,O'Hearn,Ryan,69.6,0.06,-1.02,-0.71,-0.19,-0.61,Ryan O'Hearn,ryan ohearn
"Osuna, Alejandro",696030,2026,91,0.0,28.6,55.3,Osuna,Alejandro,71.4,0.32,-2.01,-1.25,-1.63,-1.95,Alejandro Osuna,alejandro osuna
"Schneemann, Daniel",682177,2026,171,6.0,34.3,78.0,Schneemann,Daniel,65.7,-0.5,0.35,-0.11,-0.39,-0.34,Daniel Schneemann,daniel schneemann
"Foscue, Justin",679822,2026,63,10.9,30.2,47.6,Foscue,Justin,69.8,0.09,-2.81,-2.01,0.62,-0.94,Justin Foscue,justin foscue
"Kreidler, Ryan",668952,2026,58,7.0,28.0,94.4,Kreidler,Ryan,72.0,0.4,2.06,1.82,-0.19,1.11,Ryan Kreidler,ryan kreidler
"Moreno, Gabriel",672515,2026,137,10.9,34.2,57.1,Moreno,Gabriel,65.8,-0.48,-1.82,-1.71,0.62,-0.73,Gabriel Moreno,gabriel moreno
"Peña, Jeremy",665161,2026,118,5.0,33.5,80.0,Peña,Jeremy,66.5,-0.38,0.56,0.13,-0.6,-0.32,Jeremy Peña,jeremy pena
"Freeman, Tyler",671289,2026,143,1.6,27.5,89.2,Freeman,Tyler,72.5,0.48,1.52,1.48,-1.3,0.12,Tyler Freeman,tyler freeman
"Refsnyder, Rob",608701,2026,83,8.6,23.5,79.2,Refsnyder,Rob,76.5,1.05,0.48,1.13,0.14,0.86,Rob Refsnyder,rob refsnyder
"Gray, Tristan",656484,2026,109,7.8,38.6,85.7,Gray,Tristan,61.4,-1.12,1.15,0.03,-0.02,0.0,Tristan Gray,tristan gray
"Polanco, Jorge",593871,2026,56,4.4,32.8,75.0,Polanco,Jorge,67.2,-0.28,0.04,-0.18,-0.72,-0.61,Jorge Polanco,jorge polanco
"Marte, Ketel",606466,2026,244,11.2,33.7,83.6,Marte,Ketel,66.3,-0.41,0.93,0.39,0.68,0.72,Ketel Marte,ketel marte
"Johnson, Bryce",669369,2026,40,0.0,38.1,63.6,Johnson,Bryce,61.9,-1.04,-1.14,-1.62,-1.63,-2.2,Bryce Johnson,bryce johnson
"Tucker, Kyle",663656,2026,229,5.6,25.1,79.7,Tucker,Kyle,74.9,0.82,0.53,1.0,-0.48,0.35,Kyle Tucker,kyle tucker
"Beck, Jordan",687597,2026,82,3.3,41.0,80.0,Beck,Jordan,59.0,-1.46,0.56,-0.67,-0.95,-1.09,Jordan Beck,jordan beck
"Rojas, Miguel",500743,2026,97,4.5,33.0,64.7,Rojas,Miguel,67.0,-0.31,-1.03,-0.99,-0.7,-1.15,Miguel Rojas,miguel rojas
"Morel, Christopher",666624,2026,64,2.7,35.8,75.0,Morel,Christopher,64.2,-0.71,0.04,-0.5,-1.08,-1.06,Christopher Morel,christopher morel
"Bauers, Jake",641343,2026,196,13.9,19.1,70.6,Bauers,Jake,80.9,1.68,-0.42,0.94,1.24,1.47,Jake Bauers,jake bauers
"White, Eli",642201,2026,71,6.9,27.4,77.3,White,Eli,72.6,0.49,0.28,0.57,-0.21,0.25,Eli White,eli white
"Okamoto, Kazuma",672960,2026,238,14.4,26.1,75.7,Okamoto,Kazuma,73.9,0.68,0.11,0.59,1.34,1.31,Kazuma Okamoto,kazuma okamoto
"Collins, Isaac",686555,2026,176,7.3,18.7,73.6,Collins,Isaac,81.3,1.74,-0.1,1.21,-0.12,0.73,Isaac Collins,isaac collins
"Keith, Colt",690993,2026,177,4.4,23.4,70.0,Keith,Colt,76.6,1.06,-0.48,0.43,-0.72,-0.2,Colt Keith,colt keith
"Reynolds, Bryan",668804,2026,232,8.6,22.6,77.8,Reynolds,Bryan,77.4,1.18,0.33,1.12,0.14,0.85,Bryan Reynolds,bryan reynolds
"Carter, Evan",694497,2026,180,7.5,20.0,76.8,Carter,Evan,80.0,1.55,0.23,1.32,-0.08,0.84,Evan Carter,evan carter
"Joe, Connor",656582,2026,33,9.1,23.7,80.0,Joe,Connor,76.3,1.02,0.56,1.17,0.25,0.96,Connor Joe,connor joe
"Torres, Bryan",663494,2026,38,6.5,31.1,58.3,Torres,Bryan,68.9,-0.04,-1.69,-1.28,-0.29,-1.06,Bryan Torres,bryan torres
"Wiemer, Joey",686894,2026,70,10.0,26.3,71.4,Wiemer,Joey,73.7,0.65,-0.33,0.23,0.43,0.45,Joey Wiemer,joey wiemer
"Muncy, Max",691777,2026,97,11.5,36.8,74.2,Muncy,Max,63.2,-0.86,-0.04,-0.67,0.74,0.05,Max Muncy,max muncy
"Williamson, Ben",810938,2026,133,1.0,29.3,56.1,Williamson,Ben,70.7,0.22,-1.92,-1.26,-1.43,-1.82,Ben Williamson,ben williamson
"Lowe, Brandon",664040,2026,230,12.7,33.1,76.5,Lowe,Brandon,66.9,-0.33,0.2,-0.1,0.99,0.61,Brandon Lowe,brandon lowe
"Volpe, Anthony",683011,2026,59,4.7,23.3,73.3,Volpe,Anthony,76.7,1.08,-0.14,0.7,-0.66,0.03,Anthony Volpe,anthony volpe
"Griffin, Konnor",804606,2026,189,8.2,37.2,72.9,Griffin,Konnor,62.8,-0.91,-0.18,-0.81,0.06,-0.51,Konnor Griffin,konnor griffin
"Muncy, Max",571970,2026,198,17.0,25.4,73.0,Muncy,Max,74.6,0.78,-0.17,0.45,1.88,1.58,Max Muncy,max muncy
"Clement, Ernie",676391,2026,256,3.0,44.9,85.2,Clement,Ernie,55.1,-2.02,1.1,-0.68,-1.01,-1.15,Ernie Clement,ernie clement
"Bell, Josh",605137,2026,232,9.9,31.5,85.9,Bell,Josh,68.5,-0.1,1.17,0.8,0.41,0.82,Josh Bell,josh bell
"Rodríguez, Julio",677594,2026,270,9.1,39.0,67.6,Rodríguez,Julio,61.0,-1.17,-0.73,-1.41,0.25,-0.78,Julio Rodríguez,julio rodriguez
"Jackson, Jeremiah",669236,2026,171,8.0,37.6,79.3,Jackson,Jeremiah,62.4,-0.97,0.49,-0.36,0.02,-0.23,Jeremiah Jackson,jeremiah jackson
"Trammell, Taylor",666211,2026,66,4.7,28.6,69.6,Trammell,Taylor,71.4,0.32,-0.52,-0.15,-0.66,-0.55,Taylor Trammell,taylor trammell
"Cruz, Oneil",665833,2026,250,16.7,32.4,62.3,Cruz,Oneil,67.6,-0.23,-1.28,-1.11,1.82,0.48,Oneil Cruz,oneil cruz
"Mullins, Cedric",656775,2026,189,3.3,27.1,81.8,Mullins,Cedric,72.9,0.53,0.75,0.95,-0.95,-0.0,Cedric Mullins,cedric mullins
"Song, Sung-Mun",823550,2026,31,8.3,26.1,91.7,Song,Sung-Mun,73.9,0.68,1.78,1.82,0.08,1.28,Sung-Mun Song,sung mun song
"Arias, Gabriel",672356,2026,30,16.7,29.4,77.8,Arias,Gabriel,70.6,0.2,0.33,0.4,1.82,1.5,Gabriel Arias,gabriel arias
"Lukes, Nathan",664770,2026,99,1.2,38.9,74.4,Lukes,Nathan,61.1,-1.16,-0.02,-0.87,-1.39,-1.53,Nathan Lukes,nathan lukes
"Walls, Taylor",670764,2026,143,1.9,25.1,72.3,Walls,Taylor,74.9,0.82,-0.24,0.43,-1.24,-0.55,Taylor Walls,taylor walls
"France, Ty",664034,2026,127,11.6,34.1,77.3,France,Ty,65.9,-0.47,0.28,-0.14,0.77,0.42,Ty France,ty france
"Encarnacion, Jerar",666464,2026,34,7.7,43.4,37.5,Encarnacion,Jerar,56.6,-1.8,-3.85,-4.19,-0.04,-2.86,Jerar Encarnacion,jerar encarnacion
"Mitchell, Garrett",669003,2026,170,14.1,20.5,74.5,Mitchell,Garrett,79.5,1.48,-0.01,1.09,1.28,1.6,Garrett Mitchell,garrett mitchell
"Massey, Michael",686681,2026,137,8.8,38.8,66.7,Massey,Michael,61.2,-1.14,-0.82,-1.46,0.19,-0.86,Michael Massey,michael massey
"Pereira, Everson",677592,2026,64,11.4,42.1,85.0,Pereira,Everson,57.9,-1.62,1.08,-0.4,0.72,0.22,Everson Pereira,everson pereira
"Torkelson, Spencer",679529,2026,217,13.8,21.6,78.1,Torkelson,Spencer,78.4,1.32,0.36,1.25,1.22,1.67,Spencer Torkelson,spencer torkelson
"Devers, Rafael",646240,2026,262,10.3,31.3,70.6,Devers,Rafael,68.7,-0.07,-0.42,-0.36,0.5,0.09,Rafael Devers,rafael devers
"Frazier, Adam",624428,2026,81,1.8,35.7,75.0,Frazier,Adam,64.3,-0.7,0.04,-0.49,-1.26,-1.18,Adam Frazier,adam frazier
"Alonso, Pete",624413,2026,255,12.0,26.5,77.6,Alonso,Pete,73.5,0.62,0.31,0.69,0.85,1.04,Pete Alonso,pete alonso
"Cole, Zach",805904,2026,51,16.7,28.2,71.4,Cole,Zach,71.8,0.38,-0.33,0.03,1.82,1.25,Zach Cole,zach cole
"Rice, Ben",700250,2026,217,16.4,23.0,78.1,Rice,Ben,77.0,1.12,0.36,1.1,1.76,1.93,Ben Rice,ben rice
"Meyers, Jake",676694,2026,93,6.8,33.7,81.5,Meyers,Jake,66.3,-0.41,0.72,0.22,-0.23,-0.0,Jake Meyers,jake meyers
"Rodriguez, Jesus",683679,2026,39,2.9,31.9,71.4,Rodriguez,Jesus,68.1,-0.15,-0.33,-0.36,-1.03,-0.94,Jesus Rodriguez,jesus rodriguez
"Rogers, Jake",668670,2026,54,10.8,29.5,75.0,Rogers,Jake,70.5,0.19,0.04,0.17,0.6,0.52,Jake Rogers,jake rogers
"Diaz, Yainer",673237,2026,101,3.4,42.9,88.0,Diaz,Yainer,57.1,-1.73,1.39,-0.25,-0.93,-0.8,Yainer Diaz,yainer diaz
"Chisholm Jr., Jazz",665862,2026,226,7.1,29.0,80.6,Chisholm Jr.,Jazz,71.0,0.26,0.62,0.66,-0.17,0.33,Jazz Chisholm Jr.,jazz chisholm
"Walker, Jordan",691023,2026,241,13.9,35.5,74.2,Walker,Jordan,64.5,-0.67,-0.04,-0.53,1.24,0.48,Jordan Walker,jordan walker
"Bogaerts, Xander",593428,2026,225,6.7,26.7,85.1,Bogaerts,Xander,73.3,0.59,1.09,1.25,-0.25,0.67,Xander Bogaerts,xander bogaerts
"Lowe, Nathaniel",663993,2026,143,14.1,26.1,68.6,Lowe,Nathaniel,73.9,0.68,-0.62,0.04,1.28,0.89,Nathaniel Lowe,nathaniel lowe
"Workman, Gage",669398,2026,38,22.7,42.3,91.7,Workman,Gage,57.7,-1.65,1.78,0.1,3.06,2.13,Gage Workman,gage workman
"Bohm, Alec",664761,2026,226,3.6,23.7,71.4,Bohm,Alec,76.3,1.02,-0.33,0.51,-0.89,-0.26,Alec Bohm,alec bohm
"Hoerner, Nico",663538,2026,259,1.3,30.4,63.6,Hoerner,Nico,69.6,0.06,-1.14,-0.8,-1.37,-1.47,Nico Hoerner,nico hoerner
"Turang, Brice",668930,2026,227,8.5,21.3,69.7,Turang,Brice,78.7,1.37,-0.51,0.63,0.12,0.51,Brice Turang,brice turang
"Fernandez, Jose",699912,2026,165,3.9,36.9,60.0,Fernandez,Jose,63.1,-0.87,-1.52,-1.77,-0.83,-1.76,Jose Fernandez,jose fernandez
"Wynns, Austin",642851,2026,43,6.1,41.5,77.8,Wynns,Austin,58.5,-1.53,0.33,-0.89,-0.37,-0.85,Austin Wynns,austin wynns
"Friedl, TJ",670770,2026,156,2.7,27.8,72.2,Friedl,TJ,72.2,0.43,-0.25,0.14,-1.08,-0.63,TJ Friedl,tj friedl
"Rosario, Amed",642708,2026,97,11.7,41.9,80.0,Rosario,Amed,58.1,-1.59,0.56,-0.76,0.79,0.02,Amed Rosario,amed rosario
"Church, Nathan",701675,2026,146,9.6,45.8,80.5,Church,Nathan,54.2,-2.15,0.61,-1.14,0.35,-0.53,Nathan Church,nathan church
"DeLuca, Jonny",676356,2026,119,3.2,37.6,78.1,DeLuca,Jonny,62.4,-0.97,0.36,-0.45,-0.97,-0.96,Jonny DeLuca,jonny deluca
"Dunn, Blake",694362,2026,95,4.2,31.7,66.7,Dunn,Blake,68.3,-0.13,-0.82,-0.7,-0.77,-0.99,Blake Dunn,blake dunn
"Edwards, Xavier",669364,2026,245,6.1,23.0,73.8,Edwards,Xavier,77.0,1.12,-0.08,0.77,-0.37,0.27,Xavier Edwards,xavier edwards
"Bailey, Patrick",672275,2026,130,7.4,31.0,73.6,Bailey,Patrick,69.0,-0.03,-0.1,-0.1,-0.1,-0.13,Patrick Bailey,patrick bailey
"Perez, Salvador",521692,2026,235,8.4,45.3,81.5,Perez,Salvador,54.7,-2.08,0.72,-1.01,0.1,-0.61,Salvador Perez,salvador perez
"Ortiz, Joey",687401,2026,132,2.7,31.0,56.8,Ortiz,Joey,69.0,-0.03,-1.85,-1.39,-1.08,-1.67,Joey Ortiz,joey ortiz
"Goldschmidt, Paul",502671,2026,135,12.3,31.8,75.0,Goldschmidt,Paul,68.2,-0.14,0.04,-0.07,0.91,0.57,Paul Goldschmidt,paul goldschmidt
"Vilade, Ryan",668723,2026,93,3.9,27.8,76.3,Vilade,Ryan,72.2,0.43,0.18,0.45,-0.83,-0.25,Ryan Vilade,ryan vilade
"Hernaiz, Darell",687231,2026,118,1.0,35.7,81.3,Hernaiz,Darell,64.3,-0.7,0.7,-0.0,-1.43,-0.97,Darell Hernaiz,darell hernaiz
"Rumfield, TJ",681198,2026,220,7.1,32.2,85.0,Rumfield,TJ,67.8,-0.2,1.08,0.65,-0.17,0.33,TJ Rumfield,tj rumfield
"Ward, Taylor",621493,2026,242,5.0,12.4,63.9,Ward,Taylor,87.6,2.64,-1.11,1.13,-0.6,0.36,Taylor Ward,taylor ward
"Caminero, Junior",691406,2026,238,11.8,27.2,69.6,Caminero,Junior,72.8,0.52,-0.52,-0.0,0.81,0.55,Junior Caminero,junior caminero
"Palacios, Richie",680700,2026,131,3.1,29.1,65.6,Palacios,Richie,70.9,0.25,-0.94,-0.51,-0.99,-1.02,Richie Palacios,richie palacios
"Heineman, Tyler",623168,2026,78,1.6,44.8,85.0,Heineman,Tyler,55.2,-2.01,1.08,-0.69,-1.3,-1.34,Tyler Heineman,tyler heineman
"Lee, Jung Hoo",808982,2026,225,2.5,29.7,69.4,Lee,Jung Hoo,70.3,0.16,-0.54,-0.28,-1.12,-0.95,Jung Hoo Lee,jung hoo lee
"Adames, Willy",642715,2026,265,9.6,32.5,69.4,Adames,Willy,67.5,-0.24,-0.54,-0.58,0.35,-0.15,Willy Adames,willy adames
"Cowser, Colton",681297,2026,132,12.0,28.8,65.9,Cowser,Colton,71.2,0.29,-0.9,-0.46,0.85,0.27,Colton Cowser,colton cowser
"Vargas, Miguel",678246,2026,231,14.1,19.3,76.5,Vargas,Miguel,80.7,1.65,0.2,1.37,1.28,1.79,Miguel Vargas,miguel vargas
"Raleigh, Cal",663728,2026,161,12.3,37.8,97.8,Raleigh,Cal,62.2,-1.0,2.41,1.04,0.91,1.32,Cal Raleigh,cal raleigh
"Witt Jr., Bobby",677951,2026,261,13.7,33.8,72.9,Witt Jr.,Bobby,66.2,-0.43,-0.18,-0.45,1.2,0.51,Bobby Witt Jr.,bobby witt
"Lile, Daylen",695734,2026,264,7.9,36.3,80.6,Lile,Daylen,63.7,-0.79,0.62,-0.12,-0.0,-0.08,Daylen Lile,daylen lile
"Clemens, Kody",665019,2026,186,14.3,30.7,69.7,Clemens,Kody,69.3,0.02,-0.51,-0.36,1.32,0.65,Kody Clemens,kody clemens
"Aranda, Jonathan",666018,2026,226,12.2,28.3,70.3,Aranda,Jonathan,71.7,0.36,-0.45,-0.06,0.89,0.56,Jonathan Aranda,jonathan aranda
"Haase, Eric",606992,2026,47,20.0,34.1,65.0,Haase,Eric,65.9,-0.47,-1.0,-1.09,2.5,0.96,Eric Haase,eric haase
"Beavers, Dylan",687637,2026,103,5.2,23.9,81.4,Beavers,Dylan,76.1,0.99,0.71,1.26,-0.56,0.47,Dylan Beavers,dylan beavers
"Feduccia, Hunter",676439,2026,72,4.3,28.0,63.3,Feduccia,Hunter,72.0,0.4,-1.17,-0.57,-0.74,-0.89,Hunter Feduccia,hunter feduccia
"Gonzales, Nick",693304,2026,223,3.3,31.0,84.4,Gonzales,Nick,69.0,-0.03,1.02,0.74,-0.95,-0.15,Nick Gonzales,nick gonzales
"Adell, Jo",666176,2026,259,8.8,37.9,80.5,Adell,Jo,62.1,-1.02,0.61,-0.3,0.19,-0.08,Jo Adell,jo adell
"Scott II, Victor",687363,2026,155,0.8,22.1,89.1,Scott II,Victor,77.9,1.25,1.51,2.04,-1.47,0.39,Victor Scott II,victor scott
"Dubón, Mauricio",643289,2026,227,5.9,36.4,87.3,Dubón,Mauricio,63.6,-0.8,1.32,0.38,-0.41,-0.02,Mauricio Dubón,mauricio dubon
"Chourio, Jackson",694192,2026,128,16.3,34.2,73.2,Chourio,Jackson,65.8,-0.48,-0.15,-0.47,1.74,0.86,Jackson Chourio,jackson chourio
"Grisham, Trent",663757,2026,211,12.8,15.8,62.3,Grisham,Trent,84.2,2.15,-1.28,0.65,1.01,1.12,Trent Grisham,trent grisham
"Gelof, Zack",680869,2026,165,9.0,23.1,77.5,Gelof,Zack,76.9,1.11,0.3,1.04,0.23,0.86,Zack Gelof,zack gelof
"Reyes, Felix",694025,2026,38,6.9,52.9,60.0,Reyes,Felix,47.1,-3.17,-1.52,-3.47,-0.21,-2.49,Felix Reyes,felix reyes
"Meidroth, Chase",805367,2026,237,5.6,26.6,62.5,Meidroth,Chase,73.4,0.61,-1.26,-0.48,-0.48,-0.65,Chase Meidroth,chase meidroth
"Jensen, Carter",695600,2026,197,9.0,27.4,68.8,Jensen,Carter,72.6,0.49,-0.6,-0.08,0.23,0.1,Carter Jensen,carter jensen
"Jones, Jahmai",663330,2026,78,9.6,28.2,75.9,Jones,Jahmai,71.8,0.38,0.13,0.38,0.35,0.49,Jahmai Jones,jahmai jones
"Mead, Curtis",678554,2026,157,10.5,24.4,68.6,Mead,Curtis,75.6,0.92,-0.62,0.22,0.54,0.51,Curtis Mead,curtis mead
"Loftin, Nick",679845,2026,87,5.1,20.2,73.3,Loftin,Nick,79.8,1.52,-0.14,1.03,-0.58,0.3,Nick Loftin,nick loftin
"Duran, Jarren",680776,2026,240,11.6,34.5,59.0,Duran,Jarren,65.5,-0.53,-1.62,-1.59,0.77,-0.56,Jarren Duran,jarren duran
"Loperfido, Joey",694388,2026,58,5.0,31.2,76.5,Loperfido,Joey,68.8,-0.05,0.2,0.11,-0.6,-0.33,Joey Loperfido,joey loperfido
"Garcia, Maikel",672580,2026,233,4.0,22.5,64.9,Garcia,Maikel,77.5,1.19,-1.01,0.14,-0.81,-0.45,Maikel Garcia,maikel garcia
"De La Cruz, Elly",682829,2026,232,15.0,26.5,75.7,De La Cruz,Elly,73.5,0.62,0.11,0.54,1.47,1.36,Elly De La Cruz,elly de la cruz
"Kelenic, Jarred",672284,2026,53,24.2,27.1,68.4,Kelenic,Jarred,72.9,0.53,-0.64,-0.08,3.37,2.22,Jarred Kelenic,jarred kelenic
"Harris, Dustin",687957,2026,43,0.0,31.7,61.5,Harris,Dustin,68.3,-0.13,-1.36,-1.1,-1.63,-1.85,Dustin Harris,dustin harris
"Allen, Nick",669397,2026,64,1.9,22.5,68.2,Allen,Nick,77.5,1.19,-0.67,0.39,-1.24,-0.57,Nick Allen,nick allen
